{
  "experiment": "grayscale_baseline",
  "timestamp": "2025-11-26T18:12:40.593286",
  "num_samples": 100,
  "seed": 42,
  "metrics": {
    "psnr": {
      "mean": 23.019733428955078,
      "std": 3.752991199493408,
      "min": 12.765046119689941,
      "max": 31.252174377441406
    },
    "ssim_global": {
      "mean": 0.900297999382019,
      "std": 0.1335371732711792,
      "min": 0.2787032425403595,
      "max": 0.9978427886962891
    },
    "ssim_windowed": {
      "mean": 0.7993226051330566,
      "std": 0.15936565399169922,
      "min": 0.23350602388381958,
      "max": 0.9948374629020691
    },
    "l1_error": {
      "mean": 0.05809055641293526,
      "std": 0.02909597009420395,
      "min": 0.021854067221283913,
      "max": 0.17772559821605682
    }
  },
  "raw_scores": {
    "psnr": [
      24.526695251464844,
      25.928125381469727,
      25.682897567749023,
      23.704898834228516,
      29.096054077148438,
      22.33814239501953,
      28.548566818237305,
      26.956371307373047,
      15.400184631347656,
      13.623590469360352,
      19.015748977661133,
      30.070804595947266,
      22.450584411621094,
      22.315959930419922,
      23.665616989135742,
      19.996152877807617,
      24.857589721679688,
      22.872636795043945,
      27.971420288085938,
      28.568754196166992,
      20.2957706451416,
      22.33032989501953,
      23.68798065185547,
      19.388927459716797,
      23.409305572509766,
      14.163442611694336,
      21.73731231689453,
      19.617881774902344,
      22.770902633666992,
      17.257966995239258,
      22.176280975341797,
      23.863868713378906,
      22.05897331237793,
      25.36581039428711,
      27.144012451171875,
      20.832836151123047,
      18.894916534423828,
      20.386524200439453,
      20.25585174560547,
      23.474456787109375,
      24.271366119384766,
      26.008934020996094,
      30.30112075805664,
      24.965709686279297,
      25.243080139160156,
      25.5898380279541,
      23.762638092041016,
      23.727113723754883,
      22.550432205200195,
      20.96788787841797,
      20.310022354125977,
      18.3088321685791,
      31.252174377441406,
      24.46101951599121,
      20.457555770874023,
      21.197195053100586,
      14.523107528686523,
      17.99748992919922,
      22.31198501586914,
      25.077016830444336,
      17.02155303955078,
      25.839534759521484,
      18.843955993652344,
      21.526405334472656,
      26.889726638793945,
      18.83561897277832,
      25.542224884033203,
      23.071205139160156,
      24.711048126220703,
      24.402507781982422,
      19.641103744506836,
      24.545202255249023,
      30.051958084106445,
      27.014808654785156,
      12.765046119689941,
      25.682994842529297,
      18.483644485473633,
      26.482641220092773,
      23.370174407958984,
      22.533987045288086,
      19.9569091796875,
      20.139118194580078,
      23.479534149169922,
      30.425628662109375,
      20.971824645996094,
      27.87330436706543,
      22.510765075683594,
      22.696542739868164,
      27.171932220458984,
      25.97235107421875,
      27.70151138305664,
      18.66900634765625,
      24.117258071899414,
      23.71302604675293,
      23.062475204467773,
      26.732994079589844,
      23.864364624023438,
      22.66679573059082,
      20.592470169067383,
      22.41196060180664
    ],
    "ssim": [
      0.9313321709632874,
      0.977238118648529,
      0.944086492061615,
      0.9327492117881775,
      0.9950980544090271,
      0.9556319117546082,
      0.9887291193008423,
      0.9890232086181641,
      0.5882971882820129,
      0.6367190480232239,
      0.898106575012207,
      0.9938093423843384,
      0.9341447353363037,
      0.9583484530448914,
      0.9711132049560547,
      0.9035889506340027,
      0.9742405414581299,
      0.9326700568199158,
      0.9809870719909668,
      0.9865592122077942,
      0.8883283734321594,
      0.8496348261833191,
      0.964604377746582,
      0.8291875123977661,
      0.9501770734786987,
      0.5893838405609131,
      0.9457607865333557,
      0.8784140348434448,
      0.9702795147895813,
      0.6891694068908691,
      0.9504501223564148,
      0.9693491458892822,
      0.8492819666862488,
      0.9668327569961548,
      0.9698425531387329,
      0.9615993499755859,
      0.6398582458496094,
      0.9311088919639587,
      0.8022356629371643,
      0.9503538608551025,
      0.9800911545753479,
      0.9811566472053528,
      0.9955204725265503,
      0.9661514759063721,
      0.9653828740119934,
      0.9747496247291565,
      0.956434428691864,
      0.9631365537643433,
      0.9205976724624634,
      0.9077052474021912,
      0.954154372215271,
      0.72975754737854,
      0.9978427886962891,
      0.9576529264450073,
      0.856523871421814,
      0.9238002896308899,
      0.5438340902328491,
      0.8196365833282471,
      0.9591120481491089,
      0.9561803340911865,
      0.2787032425403595,
      0.9762313961982727,
      0.6510686874389648,
      0.8887358903884888,
      0.968619167804718,
      0.9039899110794067,
      0.9760035276412964,
      0.9417233467102051,
      0.9764386415481567,
      0.9859314560890198,
      0.9172776341438293,
      0.8973057270050049,
      0.9957185387611389,
      0.9856700897216797,
      0.4349873661994934,
      0.9873265624046326,
      0.7213504314422607,
      0.9474445581436157,
      0.9674012660980225,
      0.966151773929596,
      0.7037337422370911,
      0.8772326111793518,
      0.9289875030517578,
      0.996385395526886,
      0.8730503916740417,
      0.990365743637085,
      0.968796968460083,
      0.9513979554176331,
      0.9820607304573059,
      0.9884729981422424,
      0.9939042329788208,
      0.8130576610565186,
      0.9592243432998657,
      0.9785639047622681,
      0.9531071782112122,
      0.9824625253677368,
      0.9439022541046143,
      0.9709264636039734,
      0.5106854438781738,
      0.9676614999771118
    ],