{
  "experiment": "grayscale_baseline",
  "timestamp": "2025-12-09T19:20:04.608914",
  "num_samples": 5,
  "seed": 42,
  "metrics": {
    "psnr": {
      "mean": 21.90517199002721,
      "std": 3.002217915237068,
      "min": 18.31612167167045,
      "max": 26.37994435025835
    },
    "ssim_global": {
      "mean": 0.9142123830094535,
      "std": 0.058409279113595954,
      "min": 0.8415800638177633,
      "max": 0.9850100515767184
    },
    "ssim_windowed": {
      "mean": 0.8020193411344632,
      "std": 0.08986371885921145,
      "min": 0.7066188543095964,
      "max": 0.9496910422796208
    },
    "l1_error": {
      "mean": 0.06381118223071099,
      "std": 0.02209349873409582,
      "min": 0.03409990295767784,
      "max": 0.09386082738637924
    }
  },
  "raw_scores": {
    "psnr": [
      26.37994435025835,
      23.738482739343937,
      18.948142804823977,
      18.31612167167045,
      22.143168384039335
    ],
    "ssim": [
      0.9850100515767184,
      0.9670432718350197,
      0.8521147775894493,
      0.8415800638177633,
      0.9253137502283169
    ],
    "ssim_windowed": [
      0.9496910422796208,
      0.7205516201705376,
      0.7066188543095964,
      0.7819329575736583,
      0.8513022313389028
    ],
    "l1": [
      0.03409990295767784,
      0.04688834026455879,
      0.08284974843263626,
      0.09386082738637924,
      0.06135709211230278
    ]
  }
}