{
  "num_samples": 100,
  "psnr_mean": 24.642814271422917,
  "psnr_std": 4.555668327552664,
  "ssim_mean": 0.9057896220940945,
  "ssim_std": 0.12185137113355894,
  "l1_mean": 0.043698480849599486,
  "l1_std": 0.029461462658125236
}